1) Write a query that selects all customers whose ratings are equal to or greater than 
ANY of Serresâ€™. 

mysql> select cname from customers
    -> where rating >= any ( 
       select rating from customers,salesperson 
       where customers.snum = salesperson.snum 
       and sname = 'seeres');

+----------+
| cname    |
+----------+
| Giovanni |
| Liu      |
| Grass    |
| Cisneros |
+----------+

4 rows in set (0.00 sec)


2) Write a query using ANY or ALL that will find all salespeople who have no 
customers located in their city. 

mysql> select city from salesperson
    -> where city != All ( select city from customers);
+-----------+
| city      |
+-----------+
| Bercelona |
| NewYork   |
+-----------+


3) Write a query that selects all orders for amounts greater than any for the 
customers in London. 

mysql> select * from orders
    -> where amt > any ( select orders.amt from orders , customers where
    -> (orders.Cnum = customers.Cnum) and (customers.city = 'London'));
+------+---------+------------+------+------+
| Onum | Amt     | Odate      | Cnum | Snum |
+------+---------+------------+------+------+
| 3002 | 1900.10 | 1990-10-03 | 2007 | 1004 |
| 3005 | 5160.45 | 1990-10-03 | 2003 | 1002 |
| 3006 | 1098.16 | 1990-10-03 | 2008 | 1007 |
| 3009 | 1713.23 | 1990-10-04 | 2002 | 1003 |
| 3008 | 4723.00 | 1990-10-05 | 2006 | 1001 |
| 3010 | 1309.95 | 1990-10-06 | 2004 | 1002 |
| 3011 | 9891.88 | 1990-10-06 | 2006 | 1001 |
+------+---------+------------+------+------+
7 rows in set (0.00 sec)


4) Write the above query using MIN or MAX.

mysql> select * from orders
    -> where amt >  ( select min(orders.amt) from orders , customers where
    -> (orders.Cnum = customers.Cnum) and (customers.city = 'London'));
+------+---------+------------+------+------+
| Onum | Amt     | Odate      | Cnum | Snum |
+------+---------+------------+------+------+
| 3002 | 1900.10 | 1990-10-03 | 2007 | 1004 |
| 3005 | 5160.45 | 1990-10-03 | 2003 | 1002 |
| 3006 | 1098.16 | 1990-10-03 | 2008 | 1007 |
| 3009 | 1713.23 | 1990-10-04 | 2002 | 1003 |
| 3008 | 4723.00 | 1990-10-05 | 2006 | 1001 |
| 3010 | 1309.95 | 1990-10-06 | 2004 | 1002 |
| 3011 | 9891.88 | 1990-10-06 | 2006 | 1001 |
+------+---------+------------+------+------+
7 rows in set (0.00 sec)